ID,X,Y
132303,9.08333,27.0417
132308,31.4583,65.9167
132313,60.5,65.25
132318,53.7917,35.4167
132321,15.6667,9.04167
