X,Y,msDist,197.456
0,0
9.08333,27.0417
31.4583,65.9167
60.5,65.25
53.7917,35.4167
15.6667,9.04167
0,0
