X,Y,msDist,188.615
0,0
17.0833,9.95833
50.8333,41.5417
59.9583,66.2917
34.4167,59.7917
8.20833,25.0833
0,0
