ID,X,Y
1179771,17.0833,9.95833
1179776,50.8333,41.5417
1179781,59.9583,66.2917
1179786,34.4167,59.7917
1179789,8.20833,25.0833
