ID,X,Y
123567,9.08333,27.0417
123572,31.4583,65.9167
123577,60.5,65.25
123582,53.7917,35.4167
123585,15.6667,9.04167
