X,Y,msDist,197.734
0,0
8.16667,26.375
30.5417,65.25
60.5,65.25
54.7083,36.0833
16.5833,9.70833
0,0
