X,Y,msDist,186.883
0,0
15.6667,9.04167
47.8333,40.875
59.7917,66.6667
37.4167,60.4583
9.79167,25.625
0,0
