ID,X,Y
109329,8.16667,26.375
109334,30.5417,65.25
109339,60.5,65.25
109344,54.7083,36.0833
109347,16.5833,9.70833
