ID,X,Y
1147284,15.6667,9.04167
1147289,47.8333,40.875
1147294,59.7917,66.6667
1147299,37.4167,60.4583
1147302,9.79167,25.625
